{"cameraMode":{"drawMode":0,"name":"Shaded","section":"Shading Mode"},"sceneLighting":true,"audioPlay":false,"sceneViewState":{"m_AlwaysRefresh":false,"showFog":true,"showSkybox":true,"showFlares":true,"showImageEffects":true,"showParticleSystems":true,"showVisualEffectGraphs":true,"m_FxEnabled":true},"in2DMode":false,"pivot":{"x":2.03104305267334,"y":-13.405132293701172,"z":3.678626775741577},"rotation":{"x":0.011037608608603478,"y":0.6924471855163574,"z":-0.7213082313537598,"w":0.01059587299823761},"size":17.689054489135743,"orthographic":false}